model,AUROC,AUPRC,Brier,event_id
RandomForest,0.7359487923131416,0.34904742562006286,0.023667589765558023,terra_luna_2022
LightGBM,0.5566642235718745,0.11754332985540561,0.030785901691729997,terra_luna_2022
XGBoost,0.5445736169563378,0.06664578827197054,0.04253576999537223,terra_luna_2022
LogisticRegression,0.5333325808041351,0.2761478845513087,0.05547607013901161,terra_luna_2022
