event_id,split,n_rows,n_nodes,label_prevalence
busd_2023,train,37152,2,0.005087209302325582
busd_2023,test,22512,3,0.46361940298507465
