node_id,out_degree_w,in_degree_w,eigenvector,betweenness,role,event_id
busd_binance,0.20801261558433326,0.2772897313142149,0.7593597109830145,1.0,amplifier,busd_2023
usdc_binance,0.13495221517359723,0.09882617293615714,0.4588349959450407,0.0,mixed,busd_2023
usdt_binance,0.13495221517359723,0.09882617293615714,0.4588349959450407,0.0,mixed,busd_2023
curve_3pool,0.007385300967020451,0.010360269712018977,0.048101167636782544,0.0,mixed,busd_2023
