model,AUROC,AUPRC,Brier,event_id
LogisticRegression,0.646602456694152,0.762332333221388,0.42898106152373194,busd_2023
RandomForest,0.11050702693989971,0.3816242080486437,0.42162933113705037,busd_2023
XGBoost,0.08641264094350382,0.36501272847942556,0.46478646555545045,busd_2023
LightGBM,0.058151004092425726,0.3340568192636305,0.4674469153405537,busd_2023
