causing_node,caused_node,f_stat,p_value,significant_p05,p_value_fdr,significant_fdr,p_bonferroni,significant_bonferroni
usdt_binance,usdc_coinbase,12.412970233391066,5.706312967671792e-6,true,0.000011412625935343584,true,0.000011412625935343584,true
usdc_coinbase,usdt_binance,3.9543294819696526,0.019859888977742327,true,0.019859888977742327,true,0.039719777955484654,true
