model,AUROC,AUPRC,Brier,event_id
XGBoost,0.5656475709904027,0.99987330879333,0.2353298863618059,usdc_svb_2023
LightGBM,0.5428613831997626,0.9998686999944273,0.7536478784554612,usdc_svb_2023
LogisticRegression,0.5,0.9998219373219374,0.00017806267806267807,usdc_svb_2023
RandomForest,0.45599089739784315,0.9998425355328218,0.4582685191881523,usdc_svb_2023
