node_id,out_degree_w,in_degree_w,eigenvector,betweenness,role,event_id
usdt_kraken,2.018108052752968,0.6458432594058134,0.34595969363236617,0.2,originator,usdt_curve_2023
uniswap_usdc_usdt_005,0.7640331363992151,0.312148825168322,0.1872051867466687,0.1,originator,usdt_curve_2023
usdt_binance,0.4911496532065569,0.5519716837458234,0.309613375696917,0.2,amplifier,usdt_curve_2023
curve_3pool,0.34772896676510767,0.6638788159995512,0.34707899906149486,0.0,mixed,usdt_curve_2023
curve_crvusd_usdt,0.34772896676510767,0.6638788159995512,0.34707899906149486,0.0,mixed,usdt_curve_2023
usdt_mint_burn,0.0,1.131027375569894,0.7130764354874208,0.0,sink,usdt_curve_2023
