node_id,out_degree_w,in_degree_w,eigenvector,betweenness,role,event_id
curve_3pool,0.48484878294493716,0.3989481367860148,0.6907379628764625,0.0,mixed,ftx_2022
usdt_binance,0.41983690511829247,0.43649157582810244,0.7009757213748012,0.5,amplifier,ftx_2022
busd_binance,0.034495181249955265,0.10374115669906764,0.17752212449256005,0.5,sink,ftx_2022
