node_id,out_degree_w,in_degree_w,eigenvector,betweenness,role,event_id
tron_usdt_exchange_flows,2.681813758920805,3.953361210070991,0.0,0.0,mixed,usdt_curve_2023
usdt_kraken,2.2316302384514675,2.1715175003089215,0.0,0.14285714285714285,amplifier,usdt_curve_2023
usdt_mint_burn,1.7787564635021813,0.7896215040086229,0.0,0.0,mixed,usdt_curve_2023
uniswap_usdc_usdt_005,1.5488449260770623,1.4770778601655403,0.0,0.0,mixed,usdt_curve_2023
eth_usdt_exchange_flows,1.2140330235588355,0.0,0.0,0.0,originator,usdt_curve_2023
curve_3pool,1.0298341317725312,1.109402230453187,0.0,0.05952380952380952,mixed,usdt_curve_2023
curve_crvusd_usdt,1.0298341317725312,1.109402230453187,0.0,0.05952380952380952,mixed,usdt_curve_2023
usdt_binance,0.45694470270601617,1.361308841300982,0.0,0.3333333333333333,sink,usdt_curve_2023
