model,AUROC,AUPRC,Brier,event_id,split_type,heldout_event,ablation,label_col,train_positive,test_positive,train_prevalence,test_prevalence
LogisticRegression,0.8342110063318271,0.8610576274955773,0.3127012550830841,usdc_svb_2023,leave_one_event_out,usdc_svb_2023,full,label_downstream_gt10bps_1m,100805,41616,0.35836808407012005,0.5918004579002005
RandomForest,0.665878146634878,0.8021096934118557,0.24134027636533537,usdc_svb_2023,leave_one_event_out,usdc_svb_2023,full,label_downstream_gt10bps_1m,100805,41616,0.35836808407012005,0.5918004579002005
LogisticRegression,0.8334467180999953,0.8752375173606652,0.30183145403862,usdc_svb_2023,leave_one_event_out,usdc_svb_2023,no_graph_features,label_downstream_gt10bps_1m,100805,41616,0.35836808407012005,0.5918004579002005
RandomForest,0.7640166417978266,0.8749379549968308,0.20471138222556487,usdc_svb_2023,leave_one_event_out,usdc_svb_2023,no_graph_features,label_downstream_gt10bps_1m,100805,41616,0.35836808407012005,0.5918004579002005
