model,AUROC,AUPRC,Brier,event_id
LightGBM,0.9297109044928953,0.9663039494070378,0.24432140263773947,ftx_2022
XGBoost,0.9280010591756198,0.9638393838470165,0.24906094724756322,ftx_2022
RandomForest,0.8263178379105937,0.8394339747826299,0.2823399083719136,ftx_2022
LogisticRegression,0.5,0.6155478395061729,0.38445216049382713,ftx_2022
