model,AUROC,AUPRC,Brier,event_id
RandomForest,0.33457556935817806,0.46361940298507465,0.4636303550850781,busd_2023
LogisticRegression,0.3064577943853598,0.371028454759358,0.7133880253624907,busd_2023
LightGBM,0.15550426883493607,0.39944856029314435,0.4636528522457439,busd_2023
XGBoost,0.0932269710146911,0.46353060048217903,0.46361805128918787,busd_2023
