model,AUROC,AUPRC,Brier,event_id,split_type,heldout_event,ablation,label_col,train_positive,test_positive,train_prevalence,test_prevalence
RandomForest,0.8591719099583005,0.9752125278688748,0.2350506480271467,usdc_svb_2023,leave_one_event_out,usdc_svb_2023,full,label_downstream_gt10bps_1m,85933,41604,0.36629738404682033,0.8907634993362737
LightGBM,0.8305086051302775,0.9542860844294632,0.1460419783691225,usdc_svb_2023,leave_one_event_out,usdc_svb_2023,full,label_downstream_gt10bps_1m,85933,41604,0.36629738404682033,0.8907634993362737
XGBoost,0.8263269203451965,0.9494624780456657,0.05714563886420593,usdc_svb_2023,leave_one_event_out,usdc_svb_2023,full,label_downstream_gt10bps_1m,85933,41604,0.36629738404682033,0.8907634993362737
LogisticRegression,0.7231353619505045,0.9351309535659975,0.10039999705957543,usdc_svb_2023,leave_one_event_out,usdc_svb_2023,full,label_downstream_gt10bps_1m,85933,41604,0.36629738404682033,0.8907634993362737
XGBoost,0.826070022799198,0.9536647795130889,0.1433585669691507,usdc_svb_2023,leave_one_event_out,usdc_svb_2023,no_graph_features,label_downstream_gt10bps_1m,85933,41604,0.36629738404682033,0.8907634993362737
LightGBM,0.8183263543697042,0.9505749069099482,0.2335965657461104,usdc_svb_2023,leave_one_event_out,usdc_svb_2023,no_graph_features,label_downstream_gt10bps_1m,85933,41604,0.36629738404682033,0.8907634993362737
RandomForest,0.8085777850341638,0.9579384198883036,0.17695582870304194,usdc_svb_2023,leave_one_event_out,usdc_svb_2023,no_graph_features,label_downstream_gt10bps_1m,85933,41604,0.36629738404682033,0.8907634993362737
LogisticRegression,0.8009201322913533,0.9523904328190107,0.3835891707701151,usdc_svb_2023,leave_one_event_out,usdc_svb_2023,no_graph_features,label_downstream_gt10bps_1m,85933,41604,0.36629738404682033,0.8907634993362737
