node_id,out_degree_w,in_degree_w,eigenvector,betweenness,role,event_id
ust_binance,0.3843379750087277,0.2648923287502653,0.6310623568001241,0.6666666666666666,amplifier,terra_luna_2022
curve_3pool,0.14561680324643428,0.18371919558738536,0.5373907069242635,0.0,mixed,terra_luna_2022
curve_ust_wormhole,0.14561680324643428,0.18371919558738536,0.5373907069242635,0.0,mixed,terra_luna_2022
usdt_binance,0.01624427602650419,0.059485137603064356,0.1555080642692,0.6666666666666666,sink,terra_luna_2022
