node_id,out_degree_w,in_degree_w,eigenvector,betweenness,role,event_id
usdt_binance,2.6682543508784144,2.8205215360560114,0.5858885866297396,0.0,mixed,ftx_2022
eth_usdc_exchange_flows,2.3565473964106096,1.4811202203992448,0.3167078837442433,0.0,mixed,ftx_2022
busd_binance,1.917716197679388,0.6004555021884939,0.13301048070720542,0.9500000000000001,originator,ftx_2022
eth_bridge_flows,1.771830463935488,2.873249030219357,0.5547536569698226,0.0,mixed,ftx_2022
curve_3pool,1.0700052266786855,1.5267471681349374,0.36373353465612446,0.0,mixed,ftx_2022
eth_usdt_exchange_flows,1.0191935780859824,1.5014537566705228,0.31414198748091166,0.0,mixed,ftx_2022
