node_id,out_degree_w,in_degree_w,eigenvector,betweenness,role,event_id
usdc_coinbase,0.08744710443578052,0.133290201572263,0.7770719695483634,1.0,amplifier,usdc_svb_2023
usdc_binance,0.0666451007861315,0.04372355221789026,0.4450613183271645,0.0,mixed,usdc_svb_2023
usdt_binance,0.0666451007861315,0.04372355221789026,0.4450613183271645,0.0,mixed,usdc_svb_2023
