model,AUROC,AUPRC,Brier,event_id,split_type,heldout_event,ablation,label_col,train_positive,test_positive,train_prevalence,test_prevalence
XGBoost,0.8208797383349954,0.9473444646506185,0.13290917873382568,usdc_svb_2023,leave_one_event_out,usdc_svb_2023,full,label_downstream_gt10bps_1m,81845,40883,0.3555232179314539,0.8919213735628423
LightGBM,0.8172545415029829,0.9501439905118773,0.18629214923742887,usdc_svb_2023,leave_one_event_out,usdc_svb_2023,full,label_downstream_gt10bps_1m,81845,40883,0.3555232179314539,0.8919213735628423
RandomForest,0.7769244063459803,0.9433195327523354,0.17023868617760765,usdc_svb_2023,leave_one_event_out,usdc_svb_2023,full,label_downstream_gt10bps_1m,81845,40883,0.3555232179314539,0.8919213735628423
LogisticRegression,0.7235247198670693,0.9355317247111936,0.4018390063687609,usdc_svb_2023,leave_one_event_out,usdc_svb_2023,full,label_downstream_gt10bps_1m,81845,40883,0.3555232179314539,0.8919213735628423
XGBoost,0.8208797383349954,0.9473444646506185,0.13290917873382568,usdc_svb_2023,leave_one_event_out,usdc_svb_2023,no_graph_features,label_downstream_gt10bps_1m,81845,40883,0.3555232179314539,0.8919213735628423
LightGBM,0.8172545415029829,0.9501439905118773,0.18629214923742887,usdc_svb_2023,leave_one_event_out,usdc_svb_2023,no_graph_features,label_downstream_gt10bps_1m,81845,40883,0.3555232179314539,0.8919213735628423
RandomForest,0.7881288224929632,0.9444602712364276,0.17319864204973212,usdc_svb_2023,leave_one_event_out,usdc_svb_2023,no_graph_features,label_downstream_gt10bps_1m,81845,40883,0.3555232179314539,0.8919213735628423
LogisticRegression,0.7235247198670693,0.9355317247111936,0.40183900636870284,usdc_svb_2023,leave_one_event_out,usdc_svb_2023,no_graph_features,label_downstream_gt10bps_1m,81845,40883,0.3555232179314539,0.8919213735628423
