model,AUROC,AUPRC,Brier,event_id
LogisticRegression,0.5085576480030917,0.01686165466986544,0.015842134519149786,usdt_curve_2023
XGBoost,0.47397033249602405,0.01519098495065856,0.018301909875684447,usdt_curve_2023
LightGBM,0.4735708764993535,0.015223616060570162,0.017525466874620473,usdt_curve_2023
RandomForest,0.46433260502286505,0.015078812108698656,0.016653949842379244,usdt_curve_2023
