node_id,out_degree_w,in_degree_w,eigenvector,betweenness,role,event_id
curve_3pool,1.5364560932950506,0.33423576721595594,0.29116364697409397,0.15000000000000002,originator,ftx_2022
eth_usdc_exchange_flows,1.2655410894673973,0.0,-0.0,0.0,originator,ftx_2022
usdt_binance,0.3551245355482336,0.5123340835216861,0.37066373126159635,0.30000000000000004,amplifier,ftx_2022
eth_bridge_flows,0.3013127021700906,2.0153733784845236,0.6982142636268952,0.0,sink,ftx_2022
eth_usdt_exchange_flows,0.30131270216909056,0.0,-0.0,0.0,originator,ftx_2022
busd_binance,0.034495181249955265,0.9322990746776523,0.5388218361164744,0.4,sink,ftx_2022
