node_id,out_degree_w,in_degree_w,eigenvector,betweenness,role,event_id
usdt_binance,0.25818405153132734,0.10367043170913601,0.3532407446106762,0.6666666666666666,originator,terra_luna_2022
ust_binance,0.161776589818356,0.17105847886618147,0.5593808477154005,0.6666666666666666,amplifier,terra_luna_2022
curve_3pool,0.12079828546688307,0.193414150854066,0.5302424179354641,0.0,mixed,terra_luna_2022
curve_ust_wormhole,0.12079828546688307,0.193414150854066,0.5302424179354641,0.0,mixed,terra_luna_2022
