model,AUROC,AUPRC,Brier,event_id
LogisticRegression,0.9638124447507511,0.9821271977363696,0.3713056062277831,ftx_2022
LightGBM,0.927278614641652,0.9661625314000309,0.23813064790090657,ftx_2022
XGBoost,0.9263716731784238,0.9649442584535599,0.24088981508383311,ftx_2022
RandomForest,0.8256510935190243,0.8462115702056339,0.26967541740978257,ftx_2022
