node_id,out_degree_w,in_degree_w,eigenvector,betweenness,role,event_id
curve_3pool,0.8147066294154276,0.651775318552589,0.6696036206183986,0.0,mixed,busd_2023
usdc_binance,0.3375582374992231,0.435092520526526,0.5237267510995997,0.08333333333333333,mixed,busd_2023
usdt_binance,0.3375582374992231,0.435092520526526,0.5237267510995997,0.08333333333333333,mixed,busd_2023
busd_binance,0.07927834308877202,0.04714108789700478,0.055241032032792944,0.6666666666666666,amplifier,busd_2023
